grid_case,C_svm_init,tau,lambda_hinge,goal_monthly,split,train_feas_pct,val_feas_pct,nn_mean_ret,nn_vol,nn_sharpe,svm_mean_ret,svm_vol,svm_sharpe
A,0.01,0.01,0.0,0.005,test,100.0,100.0,0.011187906301884874,0.024644170437799352,0.45397780094357854,0.010675203546490578,0.024667623694404534,0.43276173166527265
A,0.01,0.01,0.0,0.005,train,100.0,100.0,0.012192407567138746,0.025792177540649528,0.47271726272240083,0.011546075499815324,0.025861193935489246,0.4464633585042728
A,0.01,0.01,0.0,0.005,val,100.0,100.0,0.01057041231709266,0.02888458702456246,0.36595338225670293,0.008838089477201784,0.028135322372881952,0.314127890903649
AC,1.0,0.05,0.0,0.005,test,100.0,100.0,0.01603336859685645,0.02626895731109875,0.6103542065398967,0.010675203546490578,0.024667623694404534,0.43276173166527265
AC,1.0,0.05,0.0,0.005,train,100.0,100.0,0.015620551805190248,0.02673184093289865,0.5843425390647834,0.011546075499815324,0.025861193935489246,0.4464633585042728
AC,1.0,0.05,0.0,0.005,val,100.0,100.0,0.011788385505900322,0.031625882079306514,0.37274487636317877,0.008838089477201784,0.028135322372881952,0.314127890903649
AG,1.0,0.1,0.0,0.005,test,100.0,100.0,0.01333119622036433,0.024959653451819403,0.5341098283100745,0.010675203546490578,0.024667623694404534,0.43276173166527265
AG,1.0,0.1,0.0,0.005,train,100.0,100.0,0.012922790052953756,0.025886753687294796,0.4992047364670932,0.011546075499815324,0.025861193935489246,0.4464633585042728
AG,1.0,0.1,0.0,0.005,val,100.0,100.0,0.008633336940436482,0.02830644654631513,0.30499543367287674,0.008838089477201784,0.028135322372881952,0.314127890903649
E,0.01,0.05,0.0,0.005,test,100.0,100.0,0.01094983833383368,0.024689473006630037,0.44350231090188685,0.010675203546490578,0.024667623694404534,0.43276173166527265
E,0.01,0.05,0.0,0.005,train,100.0,100.0,0.011702250160389926,0.02580853941354699,0.4534255105422181,0.011546075499815324,0.025861193935489246,0.4464633585042728
E,0.01,0.05,0.0,0.005,val,100.0,100.0,0.008838100369359976,0.02813532185139833,0.31412828386061603,0.008838089477201784,0.028135322372881952,0.314127890903649
I,0.01,0.1,0.0,0.005,test,100.0,100.0,0.010675200037366986,0.024667622740994904,0.4327616061353656,0.010675203546490578,0.024667623694404534,0.43276173166527265
I,0.01,0.1,0.0,0.005,train,100.0,100.0,0.011568883529167054,0.025862592046792962,0.4473211156789023,0.011546075499815324,0.025861193935489246,0.4464633585042728
I,0.01,0.1,0.0,0.005,val,100.0,100.0,0.008838094834425868,0.02813531725840473,0.3141281384154848,0.008838089477201784,0.028135322372881952,0.314127890903649
M,0.1,0.01,0.0,0.005,test,100.0,100.0,0.015030012622180398,0.02516375716394623,0.597288096672527,0.010675203546490578,0.024667623694404534,0.43276173166527265
M,0.1,0.01,0.0,0.005,train,100.0,100.0,0.013515502883924235,0.025423273188891087,0.5316193073556842,0.011546075499815324,0.025861193935489246,0.4464633585042728
M,0.1,0.01,0.0,0.005,val,100.0,100.0,0.012285285175766653,0.03094506915482685,0.3970029963062266,0.008838089477201784,0.028135322372881952,0.314127890903649
Q,0.1,0.05,0.0,0.005,test,100.0,100.0,0.012609722152429385,0.02495250442474272,0.5053489596587479,0.010675203546490578,0.024667623694404534,0.43276173166527265
Q,0.1,0.05,0.0,0.005,train,100.0,100.0,0.011976748459290266,0.02587269281461381,0.46291078182872664,0.011546075499815324,0.025861193935489246,0.4464633585042728
Q,0.1,0.05,0.0,0.005,val,100.0,100.0,0.01037165657710347,0.028729144202732537,0.3610151595032883,0.008838089477201784,0.028135322372881952,0.314127890903649
U,0.1,0.1,0.0,0.005,test,100.0,100.0,0.01167206995454872,0.024825732960044755,0.47016013476274493,0.010675203546490578,0.024667623694404534,0.43276173166527265
U,0.1,0.1,0.0,0.005,train,100.0,100.0,0.012109831189334194,0.02580714479129087,0.4692433543811345,0.011546075499815324,0.025861193935489246,0.4464633585042728
U,0.1,0.1,0.0,0.005,val,100.0,100.0,0.008506173272173055,0.028440269428980095,0.2990890537487784,0.008838089477201784,0.028135322372881952,0.314127890903649
Y,1.0,0.01,0.0,0.005,test,100.0,100.0,0.018400050521905655,0.030644704671188114,0.6004316477751797,0.010675203546490578,0.024667623694404534,0.43276173166527265
Y,1.0,0.01,0.0,0.005,train,100.0,100.0,0.01652018022422531,0.028386316969149925,0.5819768813825817,0.011546075499815324,0.025861193935489246,0.4464633585042728
Y,1.0,0.01,0.0,0.005,val,100.0,100.0,0.016086777995485007,0.03206183675395922,0.5017422463482776,0.008838089477201784,0.028135322372881952,0.314127890903649
A,0.01,0.01,0.0,0.006500000000000001,test,100.0,100.0,0.012523821266267672,0.024987498718307754,0.5012034780652358,0.012096578624363731,0.025023236758615015,0.483413826139646
A,0.01,0.01,0.0,0.006500000000000001,train,100.0,100.0,0.01329934910327986,0.025886167153489018,0.5137627762313808,0.012666446306193669,0.025942239728854885,0.48825569565671895
A,0.01,0.01,0.0,0.006500000000000001,val,100.0,100.0,0.01159470832279118,0.029190473564673775,0.39720864057600813,0.00978585099819604,0.02835532032769281,0.3451151630367482
AC,1.0,0.05,0.0,0.006500000000000001,test,100.0,100.0,0.017200701086796777,0.026480389492277837,0.6495637494744272,0.012096578624363731,0.025023236758615015,0.483413826139646
AC,1.0,0.05,0.0,0.006500000000000001,train,100.0,100.0,0.016493888197465015,0.026582237704366504,0.6204853173115361,0.012666446306193669,0.025942239728854885,0.48825569565671895
AC,1.0,0.05,0.0,0.006500000000000001,val,100.0,100.0,0.012301507420840659,0.0314772452281453,0.39080635332886404,0.00978585099819604,0.02835532032769281,0.3451151630367482
AG,1.0,0.1,0.0,0.006500000000000001,test,100.0,100.0,0.015007433048273289,0.025274046137156662,0.5937883062425968,0.012096578624363731,0.025023236758615015,0.483413826139646
AG,1.0,0.1,0.0,0.006500000000000001,train,100.0,100.0,0.014040870157560382,0.02603871034723568,0.5392306289282779,0.012666446306193669,0.025942239728854885,0.48825569565671895
AG,1.0,0.1,0.0,0.006500000000000001,val,100.0,100.0,0.009489654898984672,0.028553801824904843,0.33234295582927875,0.00978585099819604,0.02835532032769281,0.3451151630367482
E,0.01,0.05,0.0,0.006500000000000001,test,100.0,100.0,0.01239971881355962,0.025027210650735873,0.4954494923987697,0.012096578624363731,0.025023236758615015,0.483413826139646
E,0.01,0.05,0.0,0.006500000000000001,train,100.0,100.0,0.012834513644277049,0.02589099664411837,0.4957133871745698,0.012666446306193669,0.025942239728854885,0.48825569565671895
E,0.01,0.05,0.0,0.006500000000000001,val,100.0,100.0,0.009785851679134734,0.02835532368583845,0.3451151461789514,0.00978585099819604,0.02835532032769281,0.3451151630367482
I,0.01,0.1,0.0,0.006500000000000001,test,100.0,100.0,0.012096578867704903,0.025023236764198886,0.4834138357563816,0.012096578624363731,0.025023236758615015,0.483413826139646
I,0.01,0.1,0.0,0.006500000000000001,train,100.0,100.0,0.012693388452682048,0.025938367075722876,0.48936729190146716,0.012666446306193669,0.025942239728854885,0.48825569565671895
I,0.01,0.1,0.0,0.006500000000000001,val,100.0,100.0,0.009785850618602803,0.028355325566701336,0.345115085885297,0.00978585099819604,0.02835532032769281,0.3451151630367482
M,0.1,0.01,0.0,0.006500000000000001,test,100.0,100.0,0.0176215189010491,0.026153224606721943,0.6737799703615213,0.012096578624363731,0.025023236758615015,0.483413826139646
M,0.1,0.01,0.0,0.006500000000000001,train,100.0,100.0,0.015627672107040802,0.025757282724958863,0.6067282901426099,0.012666446306193669,0.025942239728854885,0.48825569565671895
M,0.1,0.01,0.0,0.006500000000000001,val,100.0,100.0,0.013299003269628032,0.03176025910325863,0.4187309437864382,0.00978585099819604,0.02835532032769281,0.3451151630367482
Q,0.1,0.05,0.0,0.006500000000000001,test,100.0,100.0,0.014071797868893737,0.025420311247272186,0.553565128745235,0.012096578624363731,0.025023236758615015,0.483413826139646
Q,0.1,0.05,0.0,0.006500000000000001,train,100.0,100.0,0.013085775757351828,0.02600140165550521,0.503271936268018,0.012666446306193669,0.025942239728854885,0.48825569565671895
Q,0.1,0.05,0.0,0.006500000000000001,val,100.0,100.0,0.011171550667277706,0.028852151027590995,0.3871999233681841,0.00978585099819604,0.02835532032769281,0.3451151630367482
U,0.1,0.1,0.0,0.006500000000000001,test,100.0,100.0,0.013161647373505475,0.025091068831240713,0.5245550702325381,0.012096578624363731,0.025023236758615015,0.483413826139646
U,0.1,0.1,0.0,0.006500000000000001,train,100.0,100.0,0.01311300933621157,0.025838254596960455,0.5075036816630272,0.012666446306193669,0.025942239728854885,0.48825569565671895
U,0.1,0.1,0.0,0.006500000000000001,val,100.0,100.0,0.00952386424111325,0.02857514835844107,0.33329185631215175,0.00978585099819604,0.02835532032769281,0.3451151630367482
Y,1.0,0.01,0.0,0.006500000000000001,test,100.0,100.0,0.01947803260146784,0.03085164088916859,0.6313451096753449,0.012096578624363731,0.025023236758615015,0.483413826139646
Y,1.0,0.01,0.0,0.006500000000000001,train,100.0,100.0,0.017419376486703272,0.02848866075661851,0.6114494687871538,0.012666446306193669,0.025942239728854885,0.48825569565671895
Y,1.0,0.01,0.0,0.006500000000000001,val,100.0,100.0,0.01647836348757879,0.032393603374206076,0.5086918950236718,0.00978585099819604,0.02835532032769281,0.3451151630367482
A,0.01,0.01,0.0,0.0075,test,100.0,100.0,0.01356461207758339,0.025160497205916264,0.5391233712923078,0.013152638448894806,0.025206655741028546,0.521792283097858
A,0.01,0.01,0.0,0.0075,train,100.0,100.0,0.014032798695994109,0.025974263785037543,0.5402578033236667,0.013470077737975355,0.025979893896186188,0.5184808602868953
A,0.01,0.01,0.0,0.0075,val,100.0,100.0,0.012147714493009847,0.02921359798572001,0.41582397685255973,0.010478681160876245,0.02847421109469571,0.3680060222093475
AC,1.0,0.05,0.0,0.0075,test,100.0,100.0,0.018245749878141728,0.02670706089039814,0.6831807495529527,0.013152638448894806,0.025206655741028546,0.521792283097858
AC,1.0,0.05,0.0,0.0075,train,100.0,100.0,0.017197523262338893,0.02656307207297769,0.6474222264067986,0.013470077737975355,0.025979893896186188,0.5184808602868953
AC,1.0,0.05,0.0,0.0075,val,100.0,100.0,0.013011451507068977,0.031840996994519456,0.40863831961354413,0.010478681160876245,0.02847421109469571,0.3680060222093475
AG,1.0,0.1,0.0,0.0075,test,100.0,100.0,0.015754751276385568,0.025490521597422034,0.6180631186990246,0.013152638448894806,0.025206655741028546,0.521792283097858
AG,1.0,0.1,0.0,0.0075,train,100.0,100.0,0.014876578389092395,0.026020367506517116,0.5717282196262081,0.013470077737975355,0.025979893896186188,0.5184808602868953
AG,1.0,0.1,0.0,0.0075,val,100.0,100.0,0.010226800196226833,0.02864213054459556,0.35705445095806454,0.010478681160876245,0.02847421109469571,0.3680060222093475
E,0.01,0.05,0.0,0.0075,test,100.0,100.0,0.013436606626501747,0.025221030243002367,0.5327540745365472,0.013152638448894806,0.025206655741028546,0.521792283097858
E,0.01,0.05,0.0,0.0075,train,100.0,100.0,0.013606303300146878,0.025939091602657855,0.5245481803313481,0.013470077737975355,0.025979893896186188,0.5184808602868953
E,0.01,0.05,0.0,0.0075,val,100.0,100.0,0.010478653065371607,0.028474194167515947,0.36800525427890435,0.010478681160876245,0.02847421109469571,0.3680060222093475
I,0.01,0.1,0.0,0.0075,test,100.0,100.0,0.013152478122713212,0.02520716449853038,0.5217753913954998,0.013152638448894806,0.025206655741028546,0.521792283097858
I,0.01,0.1,0.0,0.0075,train,100.0,100.0,0.013488947407384162,0.025980840583974874,0.5191882596433401,0.013470077737975355,0.025979893896186188,0.5184808602868953
I,0.01,0.1,0.0,0.0075,val,100.0,100.0,0.010478649245123423,0.028474194744447595,0.36800511265726776,0.010478681160876245,0.02847421109469571,0.3680060222093475
M,0.1,0.01,0.0,0.0075,test,100.0,100.0,0.01857167432972905,0.026245818848965326,0.7076050641016135,0.013152638448894806,0.025206655741028546,0.521792283097858
M,0.1,0.01,0.0,0.0075,train,100.0,100.0,0.016595150972183025,0.02580090601221863,0.6432003187671316,0.013470077737975355,0.025979893896186188,0.5184808602868953
M,0.1,0.01,0.0,0.0075,val,100.0,100.0,0.014834027472163868,0.031533919444733084,0.4704149605535664,0.010478681160876245,0.02847421109469571,0.3680060222093475
Q,0.1,0.05,0.0,0.0075,test,100.0,100.0,0.01476647601377387,0.02534102793084918,0.5827102220748918,0.013152638448894806,0.025206655741028546,0.521792283097858
Q,0.1,0.05,0.0,0.0075,train,100.0,100.0,0.013771526557624819,0.02598933249534221,0.5298915068158465,0.013470077737975355,0.025979893896186188,0.5184808602868953
Q,0.1,0.05,0.0,0.0075,val,100.0,100.0,0.012194015042840628,0.029311584739020433,0.4160135028861673,0.010478681160876245,0.02847421109469571,0.3680060222093475
U,0.1,0.1,0.0,0.0075,test,100.0,100.0,0.014310985056334517,0.025280593274125747,0.5660858074250765,0.013152638448894806,0.025206655741028546,0.521792283097858
U,0.1,0.1,0.0,0.0075,train,100.0,100.0,0.01397204514017771,0.025923456281762746,0.5389730824383987,0.013470077737975355,0.025979893896186188,0.5184808602868953
U,0.1,0.1,0.0,0.0075,val,100.0,100.0,0.010213986066988092,0.028691559247736517,0.35599271473675254,0.010478681160876245,0.02847421109469571,0.3680060222093475
Y,1.0,0.01,0.0,0.0075,test,100.0,100.0,0.020584272667027947,0.0309682794507086,0.6646889343376893,0.013152638448894806,0.025206655741028546,0.521792283097858
Y,1.0,0.01,0.0,0.0075,train,100.0,100.0,0.017880549037844626,0.028419961875977815,0.6291545750569475,0.013470077737975355,0.025979893896186188,0.5184808602868953
Y,1.0,0.01,0.0,0.0075,val,100.0,100.0,0.01736234996273824,0.03218237748557347,0.5394986734582252,0.010478681160876245,0.02847421109469571,0.3680060222093475
A,0.01,0.01,0.0,0.009000000000000001,test,100.0,100.0,0.015147579148297712,0.025441519058299875,0.595388157169046,0.014754647657868169,0.02548651442552257,0.5789197930696136
A,0.01,0.01,0.0,0.009000000000000001,train,100.0,100.0,0.015233765073328031,0.026015000424101393,0.5855761992849807,0.014680343231457324,0.026039648575627895,0.56376886916338
A,0.01,0.01,0.0,0.009000000000000001,val,100.0,100.0,0.013359251498241952,0.02953524376917862,0.4523155997016225,0.01155348800641335,0.028670938351779057,0.40296860410546964
AC,1.0,0.05,0.0,0.009000000000000001,test,100.0,100.0,0.019849539669176117,0.026894801412606292,0.7380437343230978,0.014754647657868169,0.02548651442552257,0.5789197930696136
AC,1.0,0.05,0.0,0.009000000000000001,train,100.0,100.0,0.018385859571244317,0.026774949705759034,0.6866813858702792,0.014680343231457324,0.026039648575627895,0.56376886916338
AC,1.0,0.05,0.0,0.009000000000000001,val,100.0,100.0,0.01397116013355165,0.03197723592668316,0.43690956170031614,0.01155348800641335,0.028670938351779057,0.40296860410546964
AG,1.0,0.1,0.0,0.009000000000000001,test,100.0,100.0,0.01789096376432844,0.025868239216544273,0.6916189236488307,0.014754647657868169,0.02548651442552257,0.5789197930696136
AG,1.0,0.1,0.0,0.009000000000000001,train,100.0,100.0,0.016869211838726018,0.026227504945102398,0.6431878241331876,0.014680343231457324,0.026039648575627895,0.56376886916338
AG,1.0,0.1,0.0,0.009000000000000001,val,100.0,100.0,0.011221676208845321,0.02895650889193523,0.3875355364949803,0.01155348800641335,0.028670938351779057,0.40296860410546964
E,0.01,0.05,0.0,0.009000000000000001,test,100.0,100.0,0.01500622225160283,0.025500706896071826,0.5884629909348102,0.014754647657868169,0.02548651442552257,0.5789197930696136
E,0.01,0.05,0.0,0.009000000000000001,train,100.0,100.0,0.01480670023799591,0.026014428898161284,0.5691726039956727,0.014680343231457324,0.026039648575627895,0.56376886916338
E,0.01,0.05,0.0,0.009000000000000001,val,100.0,100.0,0.011553567037376514,0.02867102668857917,0.40297011901481006,0.01155348800641335,0.028670938351779057,0.40296860410546964
I,0.01,0.1,0.0,0.009000000000000001,test,100.0,100.0,0.014754651275414211,0.02548651298346619,0.578919967765188,0.014754647657868169,0.02548651442552257,0.5789197930696136
I,0.01,0.1,0.0,0.009000000000000001,train,100.0,100.0,0.014701073223806151,0.0260426235399333,0.5645004698047907,0.014680343231457324,0.026039648575627895,0.56376886916338
I,0.01,0.1,0.0,0.009000000000000001,val,100.0,100.0,0.011553567410280019,0.02867102913032082,0.4029700977025155,0.01155348800641335,0.028670938351779057,0.40296860410546964
M,0.1,0.01,0.0,0.009000000000000001,test,100.0,100.0,0.020691938542023586,0.026706229211450144,0.7747982082164275,0.014754647657868169,0.02548651442552257,0.5789197930696136
M,0.1,0.01,0.0,0.009000000000000001,train,100.0,100.0,0.01800314458997427,0.02619579140021927,0.6872533192158616,0.014680343231457324,0.026039648575627895,0.56376886916338
M,0.1,0.01,0.0,0.009000000000000001,val,100.0,100.0,0.015445219425572103,0.03216011716983915,0.48026004829288665,0.01155348800641335,0.028670938351779057,0.40296860410546964
Q,0.1,0.05,0.0,0.009000000000000001,test,100.0,100.0,0.01784090221717667,0.026157810599472652,0.6820487574313387,0.014754647657868169,0.02548651442552257,0.5789197930696136
Q,0.1,0.05,0.0,0.009000000000000001,train,100.0,100.0,0.01605419951945622,0.025698861914072682,0.6247046881885553,0.014680343231457324,0.026039648575627895,0.56376886916338
Q,0.1,0.05,0.0,0.009000000000000001,val,100.0,100.0,0.012835844588382314,0.02919370324686714,0.43967853202454155,0.01155348800641335,0.028670938351779057,0.40296860410546964
U,0.1,0.1,0.0,0.009000000000000001,test,100.0,100.0,0.015789312825982713,0.02548937961386907,0.6194467289730393,0.014754647657868169,0.02548651442552257,0.5789197930696136
U,0.1,0.1,0.0,0.009000000000000001,train,100.0,100.0,0.015040419563355438,0.02609025070371558,0.5764766208489142,0.014680343231457324,0.026039648575627895,0.56376886916338
U,0.1,0.1,0.0,0.009000000000000001,val,100.0,100.0,0.011545370162954689,0.02867092324756048,0.40268567785079484,0.01155348800641335,0.028670938351779057,0.40296860410546964
Y,1.0,0.01,0.0,0.009000000000000001,test,100.0,100.0,0.021964862782398883,0.030983027043852453,0.7089321114622383,0.014754647657868169,0.02548651442552257,0.5789197930696136
Y,1.0,0.01,0.0,0.009000000000000001,train,100.0,100.0,0.019060945156374215,0.028698482495888026,0.6641795488120713,0.014680343231457324,0.026039648575627895,0.56376886916338
Y,1.0,0.01,0.0,0.009000000000000001,val,100.0,100.0,0.018034028247294272,0.0324612029706766,0.5555563748832573,0.01155348800641335,0.028670938351779057,0.40296860410546964
A,0.01,0.01,0.0,0.0105,test,100.0,100.0,0.01686979563386657,0.025744690508185793,0.6552728077211637,0.016503694421647834,0.02581011571960749,0.6394273702721465
A,0.01,0.01,0.0,0.0105,train,100.0,100.0,0.016466906848500603,0.02618230366920807,0.6289326965234813,0.015941482992439398,0.02608762292372113,0.6110745712033788
A,0.01,0.01,0.0,0.0105,val,100.0,100.0,0.014354470706615904,0.02974594767925111,0.4825689489175733,0.01261573058486598,0.028918158566879484,0.43625635965904
AC,1.0,0.05,0.0,0.0105,test,100.0,100.0,0.021672553261617947,0.027170788877827652,0.7976416642987461,0.016503694421647834,0.02581011571960749,0.6394273702721465
AC,1.0,0.05,0.0,0.0105,train,100.0,100.0,0.019412605858651812,0.026569091891025343,0.7306461936126039,0.015941482992439398,0.02608762292372113,0.6110745712033788
AC,1.0,0.05,0.0,0.0105,val,100.0,100.0,0.01505584322359949,0.03198822506015382,0.4706682910607365,0.01261573058486598,0.028918158566879484,0.43625635965904
AG,1.0,0.1,0.0,0.0105,test,100.0,100.0,0.019828600733229115,0.026183351132314497,0.757298049140857,0.016503694421647834,0.02581011571960749,0.6394273702721465
AG,1.0,0.1,0.0,0.0105,train,100.0,100.0,0.017512064641145828,0.026019473521888447,0.6730368554821473,0.015941482992439398,0.02608762292372113,0.6110745712033788
AG,1.0,0.1,0.0,0.0105,val,100.0,100.0,0.01234228879020142,0.02918565369628913,0.4228888932286556,0.01261573058486598,0.028918158566879484,0.43625635965904
E,0.01,0.05,0.0,0.0105,test,100.0,100.0,0.016653880940129744,0.025842768756675828,0.6444309855608333,0.016503694421647834,0.02581011571960749,0.6394273702721465
E,0.01,0.05,0.0,0.0105,train,100.0,100.0,0.01608166225108628,0.026071705074577133,0.6168243390475792,0.015941482992439398,0.02608762292372113,0.6110745712033788
E,0.01,0.05,0.0,0.0105,val,100.0,100.0,0.012615736151190124,0.028918165070195474,0.43625645403609253,0.01261573058486598,0.028918158566879484,0.43625635965904
I,0.01,0.1,0.0,0.0105,test,100.0,100.0,0.01650368555380596,0.025810108437856357,0.6394272070922472,0.016503694421647834,0.02581011571960749,0.6394273702721465
I,0.01,0.1,0.0,0.0105,train,100.0,100.0,0.015960494121349672,0.026091992106024007,0.6117008642300287,0.015941482992439398,0.02608762292372113,0.6110745712033788
I,0.01,0.1,0.0,0.0105,val,100.0,100.0,0.012615738404899582,0.028918157028964095,0.4362566532793756,0.01261573058486598,0.028918158566879484,0.43625635965904
M,0.1,0.01,0.0,0.0105,test,100.0,100.0,0.022153323263743665,0.02666223586913292,0.8308876784245935,0.016503694421647834,0.02581011571960749,0.6394273702721465
M,0.1,0.01,0.0,0.0105,train,100.0,100.0,0.019024573755328768,0.02643560179472489,0.7196572978491975,0.015941482992439398,0.02608762292372113,0.6110745712033788
M,0.1,0.01,0.0,0.0105,val,100.0,100.0,0.016486791013426327,0.032243545403356756,0.5113206629937981,0.01261573058486598,0.028918158566879484,0.43625635965904
Q,0.1,0.05,0.0,0.0105,test,100.0,100.0,0.018213085004601448,0.026005345377928785,0.700359281494445,0.016503694421647834,0.02581011571960749,0.6394273702721465
Q,0.1,0.05,0.0,0.0105,train,100.0,100.0,0.016389884417126233,0.026089020043844485,0.6282292086461515,0.015941482992439398,0.02608762292372113,0.6110745712033788
Q,0.1,0.05,0.0,0.0105,val,100.0,100.0,0.014170619459622771,0.029485908934112154,0.4805895416284162,0.01261573058486598,0.028918158566879484,0.43625635965904
U,0.1,0.1,0.0,0.0105,test,100.0,100.0,0.017738840544263227,0.025766024830915064,0.6884585674345477,0.016503694421647834,0.02581011571960749,0.6394273702721465
U,0.1,0.1,0.0,0.0105,train,100.0,100.0,0.016444090251533944,0.025958576385362815,0.6334742709608971,0.015941482992439398,0.02608762292372113,0.6110745712033788
U,0.1,0.1,0.0,0.0105,val,100.0,100.0,0.012401801056411248,0.029090847554510576,0.4263128130848157,0.01261573058486598,0.028918158566879484,0.43625635965904
Y,1.0,0.01,0.0,0.0105,test,100.0,100.0,0.023740174238142123,0.031017061467690135,0.7653908240826233,0.016503694421647834,0.02581011571960749,0.6394273702721465
Y,1.0,0.01,0.0,0.0105,train,100.0,100.0,0.020188249980369537,0.028823243406355507,0.7004156227337561,0.015941482992439398,0.02608762292372113,0.6110745712033788
Y,1.0,0.01,0.0,0.0105,val,100.0,100.0,0.019115262276885533,0.03243228805472372,0.5893898772742316,0.01261573058486598,0.028918158566879484,0.43625635965904
A,0.01,0.01,0.0,0.012,test,100.0,100.0,0.018643799350805113,0.02611191420827284,0.7139958871412171,0.01827495934934685,0.026188142317845484,0.6978333601080151
A,0.01,0.01,0.0,0.012,train,100.0,100.0,0.0176822105836904,0.026209958900523012,0.6746370969190234,0.01726328493395666,0.026110089447802194,0.6611729526169285
A,0.01,0.01,0.0,0.012,val,100.0,100.0,0.014688891255391573,0.02938862144887839,0.49981559293086053,0.013750282583279172,0.02908306505549628,0.4727934472026281
AC,1.0,0.05,0.0,0.012,test,100.0,100.0,0.02336177432250165,0.027268964186642403,0.8567166013987656,0.01827495934934685,0.026188142317845484,0.6978333601080151
AC,1.0,0.05,0.0,0.012,train,100.0,100.0,0.020796459148138137,0.026750314642318303,0.7774285807637287,0.01726328493395666,0.026110089447802194,0.6611729526169285
AC,1.0,0.05,0.0,0.012,val,100.0,100.0,0.016170992916042393,0.031717620930075595,0.5098425556942934,0.013750282583279172,0.02908306505549628,0.4727934472026281
AG,1.0,0.1,0.0,0.012,test,100.0,100.0,0.0215877278067283,0.02649764571865464,0.8147036168845595,0.01827495934934685,0.026188142317845484,0.6978333601080151
AG,1.0,0.1,0.0,0.012,train,100.0,100.0,0.018556357500601344,0.026119061474815238,0.710452690567901,0.01726328493395666,0.026110089447802194,0.6611729526169285
AG,1.0,0.1,0.0,0.012,val,100.0,100.0,0.013514347640776326,0.029373091202422708,0.46009279538142595,0.013750282583279172,0.02908306505549628,0.4727934472026281
E,0.01,0.05,0.0,0.012,test,100.0,100.0,0.018419595831443036,0.026227152576138935,0.7023101641425838,0.01827495934934685,0.026188142317845484,0.6978333601080151
E,0.01,0.05,0.0,0.012,train,100.0,100.0,0.017363272866501345,0.026109185291505268,0.6650254564429299,0.01726328493395666,0.026110089447802194,0.6611729526169285
E,0.01,0.05,0.0,0.012,val,100.0,100.0,0.013750280189250957,0.029083063339046998,0.47279339278943844,0.013750282583279172,0.02908306505549628,0.4727934472026281
I,0.01,0.1,0.0,0.012,test,100.0,100.0,0.018274952522519806,0.026188135039410285,0.6978332933719856,0.01827495934934685,0.026188142317845484,0.6978333601080151
I,0.01,0.1,0.0,0.012,train,100.0,100.0,0.017283256679761987,0.02611435190293426,0.661829814629946,0.01726328493395666,0.026110089447802194,0.6611729526169285
I,0.01,0.1,0.0,0.012,val,100.0,100.0,0.013750279156789731,0.029083064402072967,0.4727933400077625,0.013750282583279172,0.02908306505549628,0.4727934472026281
M,0.1,0.01,0.0,0.012,test,100.0,100.0,0.024177951301877564,0.027031955250774918,0.894421105565053,0.01827495934934685,0.026188142317845484,0.6978333601080151
M,0.1,0.01,0.0,0.012,train,100.0,100.0,0.02030593439490284,0.02648898868590507,0.7665802056437571,0.01726328493395666,0.026110089447802194,0.6611729526169285
M,0.1,0.01,0.0,0.012,val,100.0,100.0,0.017587844731694727,0.032320900447400824,0.5441632036141165,0.013750282583279172,0.02908306505549628,0.4727934472026281
Q,0.1,0.05,0.0,0.012,test,100.0,100.0,0.019756336393605904,0.02625632841575187,0.7524409384291946,0.01827495934934685,0.026188142317845484,0.6978333601080151
Q,0.1,0.05,0.0,0.012,train,100.0,100.0,0.017681455672052895,0.02618729637211679,0.6751921015490635,0.01726328493395666,0.026110089447802194,0.6611729526169285
Q,0.1,0.05,0.0,0.012,val,100.0,100.0,0.01532728928484145,0.029800436004151228,0.5143310414046296,0.013750282583279172,0.02908306505549628,0.4727934472026281
U,0.1,0.1,0.0,0.012,test,100.0,100.0,0.019216369965356504,0.026134792827576765,0.7352792153892493,0.01827495934934685,0.026188142317845484,0.6978333601080151
U,0.1,0.1,0.0,0.012,train,100.0,100.0,0.017679733886660356,0.026220226099853798,0.6742784680291014,0.01726328493395666,0.026110089447802194,0.6611729526169285
U,0.1,0.1,0.0,0.012,val,100.0,100.0,0.01372136123081453,0.029075535358165313,0.47192118945762507,0.013750282583279172,0.02908306505549628,0.4727934472026281
Y,1.0,0.01,0.0,0.012,test,100.0,100.0,0.025559440927334098,0.031074790238887196,0.8225137074143893,0.01827495934934685,0.026188142317845484,0.6978333601080151
Y,1.0,0.01,0.0,0.012,train,100.0,100.0,0.021232076449180168,0.028795498441457117,0.7373401259786784,0.01726328493395666,0.026110089447802194,0.6611729526169285
Y,1.0,0.01,0.0,0.012,val,100.0,100.0,0.020317335626936803,0.032315646267759256,0.62871512634975,0.013750282583279172,0.02908306505549628,0.4727934472026281
A,0.01,0.01,0.0,0.013000000000000001,test,100.0,100.0,0.01982710896567161,0.02635516881830361,0.7523043810347146,0.019472764528713646,0.026435797151877653,0.7366059141739916
A,0.01,0.01,0.0,0.013000000000000001,train,100.0,100.0,0.01861704531786696,0.026219551001214623,0.7100443984069171,0.01816891753598879,0.026108577277651517,0.6958984146120121
A,0.01,0.01,0.0,0.013000000000000001,val,100.0,100.0,0.015497507657629578,0.029541610418663204,0.5245992834335895,0.014504976447205198,0.02920223110358395,0.4967078164424332
AC,1.0,0.05,0.0,0.013000000000000001,test,100.0,100.0,0.024186295615921224,0.026893812047726853,0.8993256728387896,0.019472764528713646,0.026435797151877653,0.7366059141739916
AC,1.0,0.05,0.0,0.013000000000000001,train,100.0,100.0,0.020433489410155777,0.026045640286076314,0.784526284819143,0.01816891753598879,0.026108577277651517,0.6958984146120121
AC,1.0,0.05,0.0,0.013000000000000001,val,100.0,100.0,0.016833559319679066,0.031130571680846146,0.5407404493472758,0.014504976447205198,0.02920223110358395,0.4967078164424332
AG,1.0,0.1,0.0,0.013000000000000001,test,100.0,100.0,0.02297770249819603,0.02639364229389396,0.8705771731490516,0.019472764528713646,0.026435797151877653,0.7366059141739916
AG,1.0,0.1,0.0,0.013000000000000001,train,100.0,100.0,0.02018186401580059,0.02606984339723948,0.7741459627319238,0.01816891753598879,0.026108577277651517,0.6958984146120121
AG,1.0,0.1,0.0,0.013000000000000001,val,100.0,100.0,0.014270998104373522,0.029436110178600344,0.4848126337787502,0.014504976447205198,0.02920223110358395,0.4967078164424332
E,0.01,0.05,0.0,0.013000000000000001,test,100.0,100.0,0.01970957121736785,0.02645381414058714,0.7450559345384946,0.019472764528713646,0.026435797151877653,0.7366059141739916
E,0.01,0.05,0.0,0.013000000000000001,train,100.0,100.0,0.018287413742682564,0.026104837426525578,0.7005373541763515,0.01816891753598879,0.026108577277651517,0.6958984146120121
E,0.01,0.05,0.0,0.013000000000000001,val,100.0,100.0,0.014504970699925566,0.02920223937277876,0.49670747898018575,0.014504976447205198,0.02920223110358395,0.4967078164424332
I,0.01,0.1,0.0,0.013000000000000001,test,100.0,100.0,0.019472769871727278,0.02643578984126815,0.7366063199894369,0.019472764528713646,0.026435797151877653,0.7366059141739916
I,0.01,0.1,0.0,0.013000000000000001,train,100.0,100.0,0.018194641039889204,0.026104657697908148,0.6969883018481492,0.01816891753598879,0.026108577277651517,0.6958984146120121
I,0.01,0.1,0.0,0.013000000000000001,val,100.0,100.0,0.0145049717643398,0.029202237191334534,0.49670755253461524,0.014504976447205198,0.02920223110358395,0.4967078164424332
M,0.1,0.01,0.0,0.013000000000000001,test,100.0,100.0,0.025432684617397176,0.02715890807753304,0.9364398798307982,0.019472764528713646,0.026435797151877653,0.7366059141739916
M,0.1,0.01,0.0,0.013000000000000001,train,100.0,100.0,0.021082063516584735,0.026457072852965776,0.7968403622332183,0.01816891753598879,0.026108577277651517,0.6958984146120121
M,0.1,0.01,0.0,0.013000000000000001,val,100.0,100.0,0.018349662796889706,0.03240332568343531,0.5662894906402717,0.014504976447205198,0.02920223110358395,0.4967078164424332
Q,0.1,0.05,0.0,0.013000000000000001,test,100.0,100.0,0.021095698594538952,0.02653564700140929,0.7949946949710169,0.019472764528713646,0.026435797151877653,0.7366059141739916
Q,0.1,0.05,0.0,0.013000000000000001,train,100.0,100.0,0.018571579981134977,0.026211477194236308,0.7085285519318304,0.01816891753598879,0.026108577277651517,0.6958984146120121
Q,0.1,0.05,0.0,0.013000000000000001,val,100.0,100.0,0.015825936088739667,0.029743878430996136,0.5320737214860105,0.014504976447205198,0.02920223110358395,0.4967078164424332
U,0.1,0.1,0.0,0.013000000000000001,test,100.0,100.0,0.019839667436852525,0.02635274053395586,0.7528502551958873,0.019472764528713646,0.026435797151877653,0.7366059141739916
U,0.1,0.1,0.0,0.013000000000000001,train,100.0,100.0,0.018523355277846577,0.026162947558690315,0.7079995568383822,0.01816891753598879,0.026108577277651517,0.6958984146120121
U,0.1,0.1,0.0,0.013000000000000001,val,100.0,100.0,0.014462574664629862,0.029188615403294305,0.4954868349973905,0.014504976447205198,0.02920223110358395,0.4967078164424332
Y,1.0,0.01,0.0,0.013000000000000001,test,100.0,100.0,0.02660367398507875,0.03113880277336382,0.8543576378916281,0.019472764528713646,0.026435797151877653,0.7366059141739916
Y,1.0,0.01,0.0,0.013000000000000001,train,100.0,100.0,0.022173929517665128,0.02901348298033299,0.764262930167041,0.01816891753598879,0.026108577277651517,0.6958984146120121
Y,1.0,0.01,0.0,0.013000000000000001,val,100.0,100.0,0.020940924886744972,0.03236246995623576,0.6470743708504516,0.014504976447205198,0.02920223110358395,0.4967078164424332
A,0.01,0.01,0.0,0.0145,test,100.0,100.0,0.021588665439840875,0.026634838159966704,0.8105423922372097,0.021200596032319788,0.026734469586196012,0.7930060464888905
A,0.01,0.01,0.0,0.0145,train,100.0,100.0,0.020008252358112228,0.02621413853376607,0.7632618684599005,0.019562028322892534,0.02608652762840676,0.7498900812249423
A,0.01,0.01,0.0,0.0145,val,100.0,100.0,0.01638780028859685,0.029433689375175563,0.5567701717291882,0.015707562180785076,0.02923794216579148,0.5372321379931368
AC,1.0,0.05,0.0,0.0145,test,100.0,100.0,0.02655934688398494,0.027710812596923456,0.9584470606962712,0.021200596032319788,0.026734469586196012,0.7930060464888905
AC,1.0,0.05,0.0,0.0145,train,100.0,100.0,0.022931398360526906,0.026742323271533378,0.8574946210481043,0.019562028322892534,0.02608652762840676,0.7498900812249423
AC,1.0,0.05,0.0,0.0145,val,100.0,100.0,0.0180241985882212,0.03210274519760469,0.5614534980330779,0.015707562180785076,0.02923794216579148,0.5372321379931368
AG,1.0,0.1,0.0,0.0145,test,100.0,100.0,0.024684060136747822,0.02654580670754175,0.9298666417549531,0.021200596032319788,0.026734469586196012,0.7930060464888905
AG,1.0,0.1,0.0,0.0145,train,100.0,100.0,0.021504066860318395,0.026054584591405097,0.8253467555413194,0.019562028322892534,0.02608652762840676,0.7498900812249423
AG,1.0,0.1,0.0,0.0145,val,100.0,100.0,0.015520622938124591,0.029540040874279326,0.5254096635700011,0.015707562180785076,0.02923794216579148,0.5372321379931368
E,0.01,0.05,0.0,0.0145,test,100.0,100.0,0.021326987387535738,0.026779908089454494,0.796380156179012,0.021200596032319788,0.026734469586196012,0.7930060464888905
E,0.01,0.05,0.0,0.0145,train,100.0,100.0,0.019651914366997217,0.026093936106794814,0.7531218857061114,0.019562028322892534,0.02608652762840676,0.7498900812249423
E,0.01,0.05,0.0,0.0145,val,100.0,100.0,0.015707562525789424,0.029237957178689964,0.5372318739388751,0.015707562180785076,0.02923794216579148,0.5372321379931368
I,0.01,0.1,0.0,0.0145,test,100.0,100.0,0.02120058415899084,0.026734470330042788,0.7930055803040816,0.021200596032319788,0.026734469586196012,0.7930060464888905
I,0.01,0.1,0.0,0.0145,train,100.0,100.0,0.019586697381915263,0.026084138626320728,0.750904511809334,0.019562028322892534,0.02608652762840676,0.7498900812249423
I,0.01,0.1,0.0,0.0145,val,100.0,100.0,0.015707564390150152,0.02923795370527608,0.5372320015261,0.015707562180785076,0.02923794216579148,0.5372321379931368
M,0.1,0.01,0.0,0.0145,test,100.0,100.0,0.027073439496978737,0.02722245946230853,0.9945258448623775,0.021200596032319788,0.026734469586196012,0.7930060464888905
M,0.1,0.01,0.0,0.0145,train,100.0,100.0,0.022237218427134175,0.02656873872097947,0.8369692916110479,0.019562028322892534,0.02608652762840676,0.7498900812249423
M,0.1,0.01,0.0,0.0145,val,100.0,100.0,0.019545529948294105,0.03238193434500874,0.6035936500718403,0.015707562180785076,0.02923794216579148,0.5372321379931368
Q,0.1,0.05,0.0,0.0145,test,100.0,100.0,0.022931191313520147,0.026848250258113444,0.8541037532133522,0.021200596032319788,0.026734469586196012,0.7930060464888905
Q,0.1,0.05,0.0,0.0145,train,100.0,100.0,0.020071488267931068,0.02633272434022116,0.7622260426928644,0.019562028322892534,0.02608652762840676,0.7498900812249423
Q,0.1,0.05,0.0,0.0145,val,100.0,100.0,0.016319042626245398,0.029398781850073285,0.5550924765833325,0.015707562180785076,0.02923794216579148,0.5372321379931368
U,0.1,0.1,0.0,0.0145,test,100.0,100.0,0.02156904803340083,0.026642439307024156,0.8095748209851295,0.021200596032319788,0.026734469586196012,0.7930060464888905
U,0.1,0.1,0.0,0.0145,train,100.0,100.0,0.01991241561342068,0.02618807099952637,0.7603620600013056,0.019562028322892534,0.02608652762840676,0.7498900812249423
U,0.1,0.1,0.0,0.0145,val,100.0,100.0,0.015678582417920223,0.02922952136891817,0.5363954551118986,0.015707562180785076,0.02923794216579148,0.5372321379931368
Y,1.0,0.01,0.0,0.0145,test,100.0,100.0,0.028114754758676416,0.031204664856779325,0.9009792249592903,0.021200596032319788,0.026734469586196012,0.7930060464888905
Y,1.0,0.01,0.0,0.0145,train,100.0,100.0,0.023499449244941028,0.029107611328563737,0.8073300477622269,0.019562028322892534,0.02608652762840676,0.7498900812249423
Y,1.0,0.01,0.0,0.0145,val,100.0,100.0,0.021875309059639334,0.03240444946913199,0.6750711527996291,0.015707562180785076,0.02923794216579148,0.5372321379931368
A,0.01,0.01,0.0,0.016,test,100.0,100.0,0.023347727180303344,0.02706788724878701,0.8625618602902619,0.022988249607359214,0.02717349161831352,0.845980705365826
A,0.01,0.01,0.0,0.016,train,100.0,100.0,0.02149040874574949,0.026278712945967394,0.8177877200119695,0.020992857027808738,0.02607898548913529,0.8049721503065967
A,0.01,0.01,0.0,0.016,val,100.0,100.0,0.01820951065579782,0.02979220352829765,0.6112173152244543,0.016943875955279297,0.02927352334116243,0.5788123198301574
AC,1.0,0.05,0.0,0.016,test,100.0,100.0,0.02899984609808378,0.028377194408853213,1.0219419749266816,0.022988249607359214,0.02717349161831352,0.845980705365826
AC,1.0,0.05,0.0,0.016,train,100.0,100.0,0.0237575343007788,0.026197480403970155,0.90686332935558,0.020992857027808738,0.02607898548913529,0.8049721503065967
AC,1.0,0.05,0.0,0.016,val,100.0,100.0,0.019090493083532993,0.03114026495087694,0.6130485117270121,0.016943875955279297,0.02927352334116243,0.5788123198301574
AG,1.0,0.1,0.0,0.016,test,100.0,100.0,0.025951562181478215,0.027179968744499843,0.95480471020685,0.022988249607359214,0.02717349161831352,0.845980705365826
AG,1.0,0.1,0.0,0.016,train,100.0,100.0,0.022240919833895232,0.02615644868828606,0.8503034986934345,0.020992857027808738,0.02607898548913529,0.8049721503065967
AG,1.0,0.1,0.0,0.016,val,100.0,100.0,0.017049953933680365,0.029614133184084256,0.5757370586240191,0.016943875955279297,0.02927352334116243,0.5788123198301574
E,0.01,0.05,0.0,0.016,test,100.0,100.0,0.023090038969613456,0.027224101648540867,0.8481469569447802,0.022988249607359214,0.02717349161831352,0.845980705365826
E,0.01,0.05,0.0,0.016,train,100.0,100.0,0.02106044061782638,0.026094918027898987,0.8070705795857591,0.020992857027808738,0.02607898548913529,0.8049721503065967
E,0.01,0.05,0.0,0.016,val,100.0,100.0,0.01694386504140801,0.029273535754967526,0.5788117015538151,0.016943875955279297,0.02927352334116243,0.5788123198301574
I,0.01,0.1,0.0,0.016,test,100.0,100.0,0.02298812571597937,0.027173537430997676,0.8459747198357085,0.022988249607359214,0.02717349161831352,0.845980705365826
I,0.01,0.1,0.0,0.016,train,100.0,100.0,0.021020720996159054,0.026075473167867957,0.8061491678416071,0.020992857027808738,0.02607898548913529,0.8049721503065967
I,0.01,0.1,0.0,0.016,val,100.0,100.0,0.01694386348256401,0.02927353346466348,0.5788116935879432,0.016943875955279297,0.02927352334116243,0.5788123198301574
M,0.1,0.01,0.0,0.016,test,100.0,100.0,0.029138645803010736,0.027552974016591604,1.0575499321563886,0.022988249607359214,0.02717349161831352,0.845980705365826
M,0.1,0.01,0.0,0.016,train,100.0,100.0,0.02368012998159896,0.026507446843191344,0.893338770828774,0.020992857027808738,0.02607898548913529,0.8049721503065967
M,0.1,0.01,0.0,0.016,val,100.0,100.0,0.02072773759741953,0.0323697245876462,0.6403433412185985,0.016943875955279297,0.02927352334116243,0.5788123198301574
Q,0.1,0.05,0.0,0.016,test,100.0,100.0,0.02413368678127635,0.02705604629651424,0.8919886710680865,0.022988249607359214,0.02717349161831352,0.845980705365826
Q,0.1,0.05,0.0,0.016,train,100.0,100.0,0.02146215453208506,0.026220279049423357,0.8185326514188463,0.020992857027808738,0.02607898548913529,0.8049721503065967
Q,0.1,0.05,0.0,0.016,val,100.0,100.0,0.018559802248225444,0.030054853840101602,0.6175309434659081,0.016943875955279297,0.02927352334116243,0.5788123198301574
U,0.1,0.1,0.0,0.016,test,100.0,100.0,0.023333143120470492,0.02707824870019414,0.8616932128052103,0.022988249607359214,0.02717349161831352,0.845980705365826
U,0.1,0.1,0.0,0.016,train,100.0,100.0,0.021380121038164775,0.026171943329616636,0.8169099546059976,0.020992857027808738,0.02607898548913529,0.8049721503065967
U,0.1,0.1,0.0,0.016,val,100.0,100.0,0.016921325297477703,0.029265762267205155,0.5781952693527252,0.016943875955279297,0.02927352334116243,0.5788123198301574
Y,1.0,0.01,0.0,0.016,test,100.0,100.0,0.029873104309678725,0.031369101641739665,0.9523098445693874,0.022988249607359214,0.02717349161831352,0.845980705365826
Y,1.0,0.01,0.0,0.016,train,100.0,100.0,0.02477588247336283,0.02895832264035235,0.8555703581388718,0.020992857027808738,0.02607898548913529,0.8049721503065967
Y,1.0,0.01,0.0,0.016,val,100.0,100.0,0.022900466534290162,0.0325335476628672,0.703903145482168,0.016943875955279297,0.02927352334116243,0.5788123198301574
A,0.01,0.01,0.0,0.017,test,100.0,100.0,0.02448683991793855,0.027390677496120244,0.8939844558614153,0.024156261641852864,0.02749440010574793,0.878588423390413
A,0.01,0.01,0.0,0.017,train,100.0,100.0,0.022421289456555027,0.0262388334578136,0.8545078610963834,0.02195484344425107,0.026079872004821102,0.8418309506791555
A,0.01,0.01,0.0,0.017,val,100.0,100.0,0.018389571581987032,0.029488857810531403,0.6236108464938891,0.01778641832201696,0.029314052002228665,0.6067540004383548
AC,1.0,0.05,0.0,0.017,test,100.0,100.0,0.029361386743290727,0.028160076429117453,1.042660051585956,0.024156261641852864,0.02749440010574793,0.878588423390413
AC,1.0,0.05,0.0,0.017,train,100.0,100.0,0.02440993719698537,0.026264465243128025,0.9293902224962576,0.02195484344425107,0.026079872004821102,0.8418309506791555
AC,1.0,0.05,0.0,0.017,val,100.0,100.0,0.020106743797635745,0.0313266364192987,0.6418417709412043,0.01778641832201696,0.029314052002228665,0.6067540004383548
AG,1.0,0.1,0.0,0.017,test,100.0,100.0,0.02759759781487385,0.027470847529624167,1.0046139924918,0.024156261641852864,0.02749440010574793,0.878588423390413
AG,1.0,0.1,0.0,0.017,train,100.0,100.0,0.02340012696753167,0.02605499015666786,0.8981053850310178,0.02195484344425107,0.026079872004821102,0.8418309506791555
AG,1.0,0.1,0.0,0.017,val,100.0,100.0,0.01787524369664089,0.029641861413871217,0.6030405259122136,0.01778641832201696,0.029314052002228665,0.6067540004383548
E,0.01,0.05,0.0,0.017,test,100.0,100.0,0.02424029460121908,0.027550382664968672,0.8798532817172684,0.024156261641852864,0.02749440010574793,0.878588423390413
E,0.01,0.05,0.0,0.017,train,100.0,100.0,0.022008684960084266,0.02610427657001279,0.843106488709347,0.02195484344425107,0.026079872004821102,0.8418309506791555
E,0.01,0.05,0.0,0.017,val,100.0,100.0,0.01778641714355572,0.029314051703098247,0.6067539664286358,0.01778641832201696,0.029314052002228665,0.6067540004383548
I,0.01,0.1,0.0,0.017,test,100.0,100.0,0.02415624285681467,0.027494390246509733,0.878588055212557,0.024156261641852864,0.02749440010574793,0.878588423390413
I,0.01,0.1,0.0,0.017,train,100.0,100.0,0.021981883206969685,0.026076655542289467,0.8429717212193063,0.02195484344425107,0.026079872004821102,0.8418309506791555
I,0.01,0.1,0.0,0.017,val,100.0,100.0,0.017786408692364943,0.029314046910793763,0.6067537773233567,0.01778641832201696,0.029314052002228665,0.6067540004383548
M,0.1,0.01,0.0,0.017,test,100.0,100.0,0.03158954424145077,0.029321333231276465,1.0773570216335695,0.024156261641852864,0.02749440010574793,0.878588423390413
M,0.1,0.01,0.0,0.017,train,100.0,100.0,0.024775499993900798,0.02754370919124274,0.8994975883959171,0.02195484344425107,0.026079872004821102,0.8418309506791555
M,0.1,0.01,0.0,0.017,val,100.0,100.0,0.021207178531896523,0.032008697530863627,0.6625442510050733,0.01778641832201696,0.029314052002228665,0.6067540004383548
Q,0.1,0.05,0.0,0.017,test,100.0,100.0,0.025557384295670414,0.02741372294594247,0.9322843287332814,0.024156261641852864,0.02749440010574793,0.878588423390413
Q,0.1,0.05,0.0,0.017,train,100.0,100.0,0.02244972616792165,0.026281554406893278,0.8542008520310048,0.02195484344425107,0.026079872004821102,0.8418309506791555
Q,0.1,0.05,0.0,0.017,val,100.0,100.0,0.018754159663033582,0.02966131001805853,0.6322768499093032,0.01778641832201696,0.029314052002228665,0.6067540004383548
U,0.1,0.1,0.0,0.017,test,100.0,100.0,0.024480907127384387,0.027413918591252976,0.8930101344323157,0.024156261641852864,0.02749440010574793,0.878588423390413
U,0.1,0.1,0.0,0.017,train,100.0,100.0,0.0222482396215485,0.026213044034719007,0.8487468907171599,0.02195484344425107,0.026079872004821102,0.8418309506791555
U,0.1,0.1,0.0,0.017,val,100.0,100.0,0.01777870468356099,0.029316275632653665,0.6064448603816475,0.01778641832201696,0.029314052002228665,0.6067540004383548
Y,1.0,0.01,0.0,0.017,test,100.0,100.0,0.031042180058374513,0.031524926333887746,0.9846868388720392,0.024156261641852864,0.02749440010574793,0.878588423390413
Y,1.0,0.01,0.0,0.017,train,100.0,100.0,0.025640694665196785,0.029020054607923083,0.883550875790316,0.02195484344425107,0.026079872004821102,0.8418309506791555
Y,1.0,0.01,0.0,0.017,val,100.0,100.0,0.02366352708605507,0.03240118686180682,0.7303290211636763,0.01778641832201696,0.029314052002228665,0.6067540004383548
A,0.01,0.01,0.0,0.0185,test,100.0,100.0,0.026346840185911866,0.02788256978016988,0.9449215188086736,0.025906826154676543,0.028009245948780924,0.9249383650358205
A,0.01,0.01,0.0,0.0185,train,100.0,100.0,0.023890530524285677,0.02628307444401817,0.9089701653534682,0.02341234481045071,0.026110021858827926,0.8966803986660855
A,0.01,0.01,0.0,0.0185,val,100.0,100.0,0.02007678878828624,0.029844159522711935,0.672720864272781,0.019034947968353713,0.0294383476072195,0.6466038183148213
AC,1.0,0.05,0.0,0.0185,test,100.0,100.0,0.03128945362923786,0.028688944838023152,1.0906449785729817,0.025906826154676543,0.028009245948780924,0.9249383650358205
AC,1.0,0.05,0.0,0.0185,train,100.0,100.0,0.02636213924063764,0.026608122611018407,0.9907553278009303,0.02341234481045071,0.026110021858827926,0.8966803986660855
AC,1.0,0.05,0.0,0.0185,val,100.0,100.0,0.02085286104113994,0.03104328396370703,0.6717350221338524,0.019034947968353713,0.0294383476072195,0.6466038183148213
AG,1.0,0.1,0.0,0.0185,test,100.0,100.0,0.029585710403886845,0.02809062817590064,1.053223524143744,0.025906826154676543,0.028009245948780924,0.9249383650358205
AG,1.0,0.1,0.0,0.0185,train,100.0,100.0,0.024742677065567587,0.026130654254319756,0.9468831826333013,0.02341234481045071,0.026110021858827926,0.8966803986660855
AG,1.0,0.1,0.0,0.0185,val,100.0,100.0,0.01924576917779542,0.029784126324348657,0.6461753810591295,0.019034947968353713,0.0294383476072195,0.6466038183148213
E,0.01,0.05,0.0,0.0185,test,100.0,100.0,0.026049734857457554,0.028053864405382507,0.9285613732249667,0.025906826154676543,0.028009245948780924,0.9249383650358205
E,0.01,0.05,0.0,0.0185,train,100.0,100.0,0.023470598587186375,0.026137053332417354,0.8979818148504981,0.02341234481045071,0.026110021858827926,0.8966803986660855
E,0.01,0.05,0.0,0.0185,val,100.0,100.0,0.01903495125314034,0.02943834858234493,0.646603908478398,0.019034947968353713,0.0294383476072195,0.6466038183148213
I,0.01,0.1,0.0,0.0185,test,100.0,100.0,0.025906836812126435,0.028009257291179066,0.9249383709778095,0.025906826154676543,0.028009245948780924,0.9249383650358205
I,0.01,0.1,0.0,0.0185,train,100.0,100.0,0.02344118672662014,0.026106926216127545,0.8978914841089742,0.02341234481045071,0.026110021858827926,0.8966803986660855
I,0.01,0.1,0.0,0.0185,val,100.0,100.0,0.019034949757030243,0.02943834809821921,0.646603868290256,0.019034947968353713,0.0294383476072195,0.6466038183148213
M,0.1,0.01,0.0,0.0185,test,100.0,100.0,0.032145501821388714,0.028087022794277834,1.1444965903183308,0.025906826154676543,0.028009245948780924,0.9249383650358205
M,0.1,0.01,0.0,0.0185,train,100.0,100.0,0.0258571564703864,0.026766841191854816,0.9660144909922637,0.02341234481045071,0.026110021858827926,0.8966803986660855
M,0.1,0.01,0.0,0.0185,val,100.0,100.0,0.02278431723141155,0.03232749545315517,0.7047968582571713,0.019034947968353713,0.0294383476072195,0.6466038183148213
Q,0.1,0.05,0.0,0.0185,test,100.0,100.0,0.02705533035414256,0.02786922231628508,0.9707960288996753,0.025906826154676543,0.028009245948780924,0.9249383650358205
Q,0.1,0.05,0.0,0.0185,train,100.0,100.0,0.023623338212855265,0.026289856835894947,0.898572341394514,0.02341234481045071,0.026110021858827926,0.8966803986660855
Q,0.1,0.05,0.0,0.0185,val,100.0,100.0,0.02087938977993734,0.03054323768765678,0.6836010639334277,0.019034947968353713,0.0294383476072195,0.6466038183148213
U,0.1,0.1,0.0,0.0185,test,100.0,100.0,0.026439872967851774,0.027879038534008988,0.9483782209580153,0.025906826154676543,0.028009245948780924,0.9249383650358205
U,0.1,0.1,0.0,0.0185,train,100.0,100.0,0.023864194656169076,0.026243252602922915,0.9093459189811628,0.02341234481045071,0.026110021858827926,0.8966803986660855
U,0.1,0.1,0.0,0.0185,val,100.0,100.0,0.019169798000690286,0.029466771849463433,0.6505564334624866,0.019034947968353713,0.0294383476072195,0.6466038183148213
Y,1.0,0.01,0.0,0.0185,test,100.0,100.0,0.032593030842508156,0.03187092084021321,1.0226573309535871,0.025906826154676543,0.028009245948780924,0.9249383650358205
Y,1.0,0.01,0.0,0.0185,train,100.0,100.0,0.027133810833712992,0.0290572510766515,0.9338051545619929,0.02341234481045071,0.026110021858827926,0.8966803986660855
Y,1.0,0.01,0.0,0.0185,val,100.0,100.0,0.024364858957034344,0.03282850591943187,0.7421860445336349,0.019034947968353713,0.0294383476072195,0.6466038183148213
A,0.01,0.01,0.0,0.02,test,100.0,100.0,0.028223205824168204,0.028541829896479486,0.9888365926622169,0.02778173519304589,0.02867412374625526,0.9688782624335717
A,0.01,0.01,0.0,0.02,train,100.0,100.0,0.02533847275125907,0.026348033695651148,0.9616836323721419,0.024875964024191354,0.026167088698864575,0.9506584515196793
A,0.01,0.01,0.0,0.02,val,100.0,100.0,0.021493104377414186,0.030074222322172776,0.7146686669551329,0.02033093087769611,0.029577475206515356,0.6873788494472379
AC,1.0,0.05,0.0,0.02,test,100.0,100.0,0.03358441682318705,0.02942510839612921,1.1413523569708799,0.02778173519304589,0.02867412374625526,0.9688782624335717
AC,1.0,0.05,0.0,0.02,train,100.0,100.0,0.02779605697149662,0.026700211974490143,1.0410425579022529,0.024875964024191354,0.026167088698864575,0.9506584515196793
AC,1.0,0.05,0.0,0.02,val,100.0,100.0,0.02229818203452528,0.031115838833840576,0.7166183805258011,0.02033093087769611,0.029577475206515356,0.6873788494472379
AG,1.0,0.1,0.0,0.02,test,100.0,100.0,0.031163544606000716,0.028409885864730307,1.0969260754261614,0.02778173519304589,0.02867412374625526,0.9688782624335717
AG,1.0,0.1,0.0,0.02,train,100.0,100.0,0.0266011125017617,0.02610770526472943,1.0188989124478876,0.024875964024191354,0.026167088698864575,0.9506584515196793
AG,1.0,0.1,0.0,0.02,val,100.0,100.0,0.02050225289321393,0.029890195420624488,0.6859189979862521,0.02033093087769611,0.029577475206515356,0.6873788494472379
E,0.01,0.05,0.0,0.02,test,100.0,100.0,0.027883094411288153,0.028731794784813698,0.9704612823232126,0.02778173519304589,0.02867412374625526,0.9688782624335717
E,0.01,0.05,0.0,0.02,train,100.0,100.0,0.024922107028255067,0.026200767952202574,0.951197578359866,0.024875964024191354,0.026167088698864575,0.9506584515196793
E,0.01,0.05,0.0,0.02,val,100.0,100.0,0.020330946965863808,0.029577489470056593,0.6873790618963419,0.02033093087769611,0.029577475206515356,0.6873788494472379
I,0.01,0.1,0.0,0.02,test,100.0,100.0,0.02778173560300406,0.02867412086374709,0.9688783741286328,0.02778173519304589,0.02867412374625526,0.9688782624335717
I,0.01,0.1,0.0,0.02,train,100.0,100.0,0.024906203438567157,0.02616387994185658,0.9519308104518038,0.024875964024191354,0.026167088698864575,0.9506584515196793
I,0.01,0.1,0.0,0.02,val,100.0,100.0,0.020330945443547414,0.029577486003687283,0.6873790909858084,0.02033093087769611,0.029577475206515356,0.6873788494472379
M,0.1,0.01,0.0,0.02,test,100.0,100.0,0.029101452585153367,0.028303884827692957,1.0281787380526606,0.02778173519304589,0.02867412374625526,0.9688782624335717
M,0.1,0.01,0.0,0.02,train,100.0,100.0,0.025632610570965227,0.026462910674535243,0.9686240068316588,0.024875964024191354,0.026167088698864575,0.9506584515196793
M,0.1,0.01,0.0,0.02,val,100.0,100.0,0.02327259525174419,0.031833450787880344,0.731073593186243,0.02033093087769611,0.029577475206515356,0.6873788494472379
Q,0.1,0.05,0.0,0.02,test,100.0,100.0,0.029268777828510062,0.02856487056567347,1.0246424103408276,0.02778173519304589,0.02867412374625526,0.9688782624335717
Q,0.1,0.05,0.0,0.02,train,100.0,100.0,0.025319893028495057,0.026422588609664774,0.958266935975961,0.024875964024191354,0.026167088698864575,0.9506584515196793
Q,0.1,0.05,0.0,0.02,val,100.0,100.0,0.021933285118212947,0.030406239961900457,0.7213415780765524,0.02033093087769611,0.029577475206515356,0.6873788494472379
U,0.1,0.1,0.0,0.02,test,100.0,100.0,0.02837014072752365,0.02853462045069186,0.9942357837053881,0.02778173519304589,0.02867412374625526,0.9688782624335717
U,0.1,0.1,0.0,0.02,train,100.0,100.0,0.025633046570582043,0.0258899398113738,0.9900774878716028,0.024875964024191354,0.026167088698864575,0.9506584515196793
U,0.1,0.1,0.0,0.02,val,100.0,100.0,0.020161534222425687,0.0297073428885647,0.6786717444698775,0.02033093087769611,0.029577475206515356,0.6873788494472379
Y,1.0,0.01,0.0,0.02,test,100.0,100.0,0.034333636883680886,0.03225315989791676,1.0645045940082913,0.02778173519304589,0.02867412374625526,0.9688782624335717
Y,1.0,0.01,0.0,0.02,train,100.0,100.0,0.028681978981437588,0.02945990344833349,0.9735937875956107,0.024875964024191354,0.026167088698864575,0.9506584515196793
Y,1.0,0.01,0.0,0.02,val,100.0,100.0,0.025796115812961044,0.03267712494852932,0.7894242793025342,0.02033093087769611,0.029577475206515356,0.6873788494472379
